img_folder,img_name,img_qrcode,img_res,scale_pixelpercm2,scale_RGB_R,scale_RGB_G,scale_RGB_B,scale_amount,scale_median,scale_mean,scale_std,scale_min,scale_max,panicle_detected,panicle_number,panicle_width,panicle_length,panicle_area,panicle_shape,panicle_RGB_mean,panicle_RGB_stdev
F6-camacani_9,P3141149.jpg,NA,3648:2736,,,,,,,,,,,1.0,1.0,805.0,2745.0,3554370.0,,99.22:77.11:63.92,44.73:41.14:34.9
F6-camacani_9,P3141079.jpg,NA,3648:2736,,,,,,,,,,,1.0,1.0,1181.0,3490.0,7518716.0,,88.31:86.5:36.91,42.87:35.51:21.6
F6-camacani_9,P3141301.jpg,NA,3648:2736,,,,,,,,,,,1.0,1.0,781.0,3260.0,3446853.0,,86.14:94.7:55.7,59.88:56.07:47.05
F6-camacani_9,P3141042.jpg,NA,3648:2736,,,,,,,,,,,1.0,1.0,1222.0,2913.0,6348840.0,,55.0:63.27:30.08,36.03:34.35:23.55
F6-camacani_9,P3140971.jpg,NA,3648:2736,,,,,,,,,,,1.0,1.0,1367.0,3103.0,7953454.0,,103.0:94.65:35.1,47.96:38.6:26.67
F6-camacani_9,P3141020.jpg,NA,3648:2736,,,,,,,,,,,1.0,1.0,934.0,3188.0,5061705.0,,98.71:75.02:45.37,43.11:38.79:24.0
F6-camacani_9,P3141152.jpg,NA,3648:2736,,,,,,,,,,,1.0,1.0,1020.0,3359.0,5666313.0,,103.41:89.66:55.12,43.29:38.28:36.15
F6-camacani_9,P3141054.jpg,NA,3648:2736,,,,,,,,,,,1.0,1.0,1128.0,3462.0,7232129.0,,86.61:69.53:36.78,41.0:35.85:22.58
F6-camacani_9,P3141217.jpg,NA,3648:2736,,,,,,,,,,,1.0,1.0,1126.0,3419.0,6337273.0,,120.24:105.46:47.97,63.75:56.04:43.44
F6-camacani_9,P3141263.jpg,NA,3648:2736,,,,,,,,,,,1.0,1.0,1105.0,3085.0,4970813.0,,116.47:83.98:67.42,52.22:48.56:39.95
F6-camacani_9,P3141214.jpg,NA,3648:2736,,,,,,,,,,,1.0,1.0,787.0,3350.0,4634326.0,,116.7:98.61:44.02,60.93:51.05:38.77
F6-camacani_9,P3141381.jpg,NA,3648:2736,,,,,,,,,,,1.0,1.0,1292.0,3443.0,6743043.0,,117.85:87.74:56.52,74.18:63.47:48.71
F6-camacani_9,P3141375.jpg,NA,3648:2736,,,,,,,,,,,1.0,1.0,935.0,3271.0,5629490.0,,95.16:63.94:40.67,72.33:57.27:42.4
F6-camacani_9,P3141356.jpg,NA,3648:2736,,,,,,,,,,,1.0,1.0,1120.0,3182.0,6117340.0,,126.51:115.96:58.05,75.73:67.3:49.71
F6-camacani_9,P3141359.jpg,NA,3648:2736,,,,,,,,,,,1.0,1.0,849.0,3025.0,4574796.0,,117.02:90.39:52.3,75.74:63.63:48.82
F6-camacani_9,P3141357.jpg,NA,3648:2736,,,,,,,,,,,1.0,1.0,978.0,2942.0,4364838.0,,123.41:84.08:53.08,74.9:60.14:46.85
F6-camacani_9,P3140994.jpg,NA,3648:2736,,,,,,,,,,,1.0,1.0,1250.0,3145.0,6281449.0,,116.77:74.5:43.09,48.83:38.34:28.27
F6-camacani_9,P3141273.jpg,NA,3648:2736,,,,,,,,,,,1.0,1.0,1634.0,3230.0,8474016.0,,130.56:91.85:63.73,70.27:64.08:51.09
F6-camacani_9,P3141203.jpg,NA,3648:2736,,,,,,,,,,,1.0,1.0,1026.0,3528.0,6688186.0,,87.07:74.1:44.01,55.9:49.25:37.24
F6-camacani_9,P3141135.jpg,NA,3648:2736,,,,,,,,,,,1.0,1.0,1114.0,3549.0,7055437.0,,77.79:83.08:48.68,46.79:42.07:36.46
F6-camacani_9,P3141302.jpg,NA,3648:2736,,,,,,,,,,,2.0,1.0,863.0,2401.0,3256320.0,,90.46:75.38:45.87,65.55:56.81:42.91
F6-camacani_9,P3141302.jpg,NA,3648:2736,,,,,,,,,,,2.0,2.0,520.0,1735.0,1369971.0,,43.57:43.0:24.38,42.47:36.3:25.29
F6-camacani_9,P3141298.jpg,NA,3648:2736,,,,,,,,,,,1.0,1.0,823.0,2735.0,4062700.0,,93.12:80.01:48.97,69.75:60.91:44.75
F6-camacani_9,P3141321.jpg,NA,3648:2736,,,,,,,,,,,1.0,1.0,776.0,2920.0,3905615.0,,84.57:67.78:41.92,45.17:39.31:30.19
F6-camacani_9,P3140992.jpg,NA,3648:2736,,,,,,,,,,,1.0,1.0,1036.0,3265.0,4929598.0,,102.65:73.74:44.34,46.52:36.32:26.41
F6-camacani_9,P3140999.jpg,NA,3648:2736,,,,,,,,,,,2.0,1.0,824.0,3141.0,4155026.0,,98.22:104.51:46.84,43.53:39.64:27.63
F6-camacani_9,P3140999.jpg,NA,3648:2736,,,,,,,,,,,2.0,2.0,773.0,2143.0,2448855.0,,100.48:104.4:47.08,45.98:40.21:30.13
F6-camacani_9,P3141185.jpg,NA,3648:2736,,,,,,,,,,,1.0,1.0,1230.0,2811.0,5347877.0,,91.27:52.44:28.1,51.95:36.11:25.48
F6-camacani_9,P3141227.jpg,NA,3648:2736,,,,,,,,,,,2.0,1.0,1337.0,3230.0,5684910.0,,138.07:140.92:65.21,70.36:63.54:47.53
F6-camacani_9,P3141227.jpg,NA,3648:2736,,,,,,,,,,,2.0,2.0,762.0,2446.0,2948007.0,,145.13:149.95:69.81,67.06:59.97:47.14
F6-camacani_9,P3141050.jpg,NA,3648:2736,,,,,,,,,,,1.0,1.0,1251.0,3648.0,8829614.0,,69.37:56.7:28.78,38.93:31.13:26.92
F6-camacani_9,P3141251.jpg,NA,3648:2736,,,,,,,,,,,1.0,1.0,981.0,3280.0,5449281.0,,153.99:108.64:52.31,55.96:49.1:38.01
F6-camacani_9,P3141199.jpg,NA,3648:2736,,,,,,,,,,,1.0,1.0,1219.0,3593.0,8126076.0,,94.37:96.97:42.1,54.2:46.89:32.1
F6-camacani_9,P3141325.jpg,NA,3648:2736,,,,,,,,,,,1.0,1.0,1007.0,3427.0,5905842.0,,123.16:80.86:56.83,55.04:45.6:33.22
F6-camacani_9,P3141211.jpg,NA,3648:2736,,,,,,,,,,,1.0,1.0,1466.0,3196.0,8036539.0,,113.62:118.44:59.47,53.38:47.05:33.99
F6-camacani_9,P3141195.jpg,NA,3648:2736,,,,,,,,,,,1.0,1.0,835.0,3510.0,4869036.0,,93.1:66.21:38.08,53.73:45.08:31.6
F6-camacani_9,P3141259.jpg,NA,3648:2736,,,,,,,,,,,1.0,1.0,1788.0,3355.0,9881529.0,,122.58:85.25:63.17,57.39:49.81:43.21
F6-camacani_9,P3141003.jpg,NA,3648:2736,,,,,,,,,,,1.0,1.0,1471.0,3013.0,6941654.0,,91.51:79.88:44.24,48.8:43.82:34.98
F6-camacani_9,P3141156.jpg,NA,3648:2736,,,,,,,,,,,1.0,1.0,1320.0,2715.0,5762782.0,,78.9:61.77:52.01,47.15:44.86:37.06
F6-camacani_9,P3141104.jpg,NA,3648:2736,,,,,,,,,,,1.0,1.0,880.0,3050.0,4826821.0,,83.39:92.44:51.49,44.49:43.13:33.31
F6-camacani_9,P3141087.jpg,NA,3648:2736,,,,,,,,,,,1.0,1.0,906.0,3399.0,5658019.0,,97.39:99.35:45.16,43.97:38.55:28.23
F6-camacani_9,P3141008.jpg,NA,3648:2736,,,,,,,,,,,1.0,1.0,1242.0,3440.0,6381675.0,,85.91:65.24:39.65,44.06:38.04:27.61
F6-camacani_9,P3141202.jpg,NA,3648:2736,,,,,,,,,,,1.0,1.0,1025.0,3120.0,5646617.0,,106.16:101.47:41.49,57.75:48.95:30.27
F6-camacani_9,P3141309.jpg,NA,3648:2736,,,,,,,,,,,1.0,1.0,775.0,3260.0,3901635.0,,64.19:70.67:35.08,37.73:35.3:27.89
F6-camacani_9,P3141395.jpg,NA,3648:2736,,,,,,,,,,,1.0,1.0,1021.0,2530.0,4006477.0,,105.95:78.12:59.21,69.54:59.0:45.68
F6-camacani_9,P3141074.jpg,NA,3648:2736,,,,,,,,,,,1.0,1.0,640.0,3054.0,3356877.0,,79.03:62.59:44.33,31.56:30.72:24.07
F6-camacani_9,P3141326.jpg,NA,3648:2736,,,,,,,,,,,1.0,1.0,1150.0,3502.0,7439313.0,,96.68:98.19:43.77,51.06:45.25:30.14
F6-camacani_9,P3141064.jpg,NA,3648:2736,,,,,,,,,,,1.0,1.0,1271.0,3351.0,8113466.0,,117.49:82.04:53.73,47.45:43.45:29.22
F6-camacani_9,P3141277.jpg,NA,3648:2736,,,,,,,,,,,1.0,1.0,1081.0,3591.0,7270023.0,,101.04:71.75:53.18,68.92:58.72:46.44
F6-camacani_9,P3140975.jpg,NA,3648:2736,,,,,,,,,,,2.0,1.0,586.0,2146.0,2150488.0,,87.14:88.92:37.72,36.36:30.78:19.57
F6-camacani_9,P3140975.jpg,NA,3648:2736,,,,,,,,,,,2.0,2.0,676.0,2083.0,2162602.0,,75.22:81.4:34.5,33.9:30.0:19.39
F6-camacani_9,P3141179.jpg,NA,3648:2736,,,,,,,,,,,1.0,1.0,1001.0,3212.0,5653123.0,,113.24:64.77:35.4,50.35:41.31:29.96
F6-camacani_9,P3141000.jpg,NA,3648:2736,,,,,,,,,,,1.0,1.0,873.0,3361.0,5292902.0,,105.9:76.14:39.21,52.46:40.66:28.27
F6-camacani_9,P3141322.jpg,NA,3648:2736,,,,,,,,,,,1.0,1.0,1043.0,3269.0,4928538.0,,86.75:69.48:43.59,39.14:34.24:27.88
F6-camacani_9,P3141317.jpg,NA,3648:2736,,,,,,,,,,,1.0,1.0,861.0,2882.0,3525035.0,,108.18:73.73:49.26,48.37:38.87:29.33
F6-camacani_9,P3140983.jpg,NA,3648:2736,,,,,,,,,,,1.0,1.0,936.0,3305.0,5183167.0,,71.62:73.1:30.93,47.08:41.31:28.38
F6-camacani_9,P3141329.jpg,NA,3648:2736,,,,,,,,,,,1.0,1.0,1270.0,3190.0,6059570.0,,73.52:73.16:28.56,51.93:45.06:25.78
F6-camacani_9,P3141169.jpg,NA,3648:2736,,,,,,,,,,,1.0,1.0,1945.0,3540.0,11097161.0,,105.96:106.62:51.76,56.24:49.11:36.73
F6-camacani_9,P3141177.jpg,NA,3648:2736,,,,,,,,,,,1.0,1.0,895.0,3098.0,5147490.0,,89.14:91.67:39.13,45.63:41.11:27.34
F6-camacani_9,P3141075.jpg,NA,3648:2736,,,,,,,,,,,1.0,1.0,1134.0,2757.0,4377541.0,,95.35:103.03:54.94,39.91:35.98:27.33
F6-camacani_9,P3141190.jpg,NA,3648:2736,,,,,,,,,,,1.0,1.0,750.0,3258.0,4517656.0,,91.48:94.22:41.19,50.24:44.17:28.47
F6-camacani_9,P3141095.jpg,NA,3648:2736,,,,,,,,,,,1.0,1.0,1012.0,3126.0,5246957.0,,118.95:89.64:61.63,45.97:42.48:32.41
F6-camacani_9,P3140972.jpg,NA,3648:2736,,,,,,,,,,,1.0,1.0,1152.0,3212.0,6410054.0,,119.62:69.21:46.37,47.62:42.68:31.04
F6-camacani_9,P3141353.jpg,NA,3648:2736,,,,,,,,,,,2.0,1.0,2104.0,2790.0,7549822.0,,133.35:111.42:70.76,66.45:58.96:46.96
F6-camacani_9,P3141353.jpg,NA,3648:2736,,,,,,,,,,,2.0,2.0,791.0,2310.0,2038207.0,,145.69:114.51:76.94,62.78:58.84:44.57
F6-camacani_9,P3141257.jpg,NA,3648:2736,,,,,,,,,,,1.0,1.0,1702.0,3518.0,10515933.0,,121.64:98.4:53.93,65.7:54.98:42.11
F6-camacani_9,P3141066.jpg,NA,3648:2736,,,,,,,,,,,1.0,1.0,937.0,3092.0,4897663.0,,85.36:75.51:39.39,38.9:33.93:25.02
F6-camacani_9,P3141034.jpg,NA,3648:2736,,,,,,,,,,,1.0,1.0,1619.0,3216.0,9324804.0,,90.94:101.03:39.52,45.25:42.35:26.93
F6-camacani_9,P3141254.jpg,NA,3648:2736,,,,,,,,,,,1.0,1.0,1306.0,3523.0,6944025.0,,116.12:70.31:51.17,63.32:52.45:44.31
F6-camacani_9,P3141327.jpg,NA,3648:2736,,,,,,,,,,,1.0,1.0,1266.0,3084.0,5909697.0,,124.68:52.68:38.13,52.76:40.39:34.74
F6-camacani_9,P3141379.jpg,NA,3648:2736,,,,,,,,,,,1.0,1.0,1238.0,2159.0,2949387.0,,127.0:96.97:59.38,72.84:64.64:49.91
F6-camacani_9,P3141167.jpg,NA,3648:2736,,,,,,,,,,,1.0,1.0,1114.0,3140.0,5473420.0,,92.24:62.0:36.43,46.5:37.92:27.61
F6-camacani_9,P3141279.jpg,NA,3648:2736,,,,,,,,,,,1.0,1.0,845.0,2786.0,3727961.0,,146.24:79.33:59.36,63.81:53.11:42.97
F6-camacani_9,P3141235.jpg,NA,3648:2736,,,,,,,,,,,1.0,1.0,945.0,3499.0,5071078.0,,125.67:81.66:49.8,61.14:51.67:37.64
F6-camacani_9,P3140984.jpg,NA,3648:2736,,,,,,,,,,,1.0,1.0,1027.0,3482.0,6330812.0,,98.9:68.72:48.19,52.47:46.98:37.09
F6-camacani_9,P3141283.jpg,NA,3648:2736,,,,,,,,,,,1.0,1.0,1089.0,3393.0,7171098.0,,110.97:71.64:53.69,76.42:62.81:52.36
F6-camacani_9,P3141161.jpg,NA,3648:2736,,,,,,,,,,,1.0,1.0,875.0,3280.0,5185998.0,,65.64:53.14:43.87,37.37:33.52:28.82
F6-camacani_9,P3141145.jpg,NA,3648:2736,,,,,,,,,,,1.0,1.0,1119.0,2842.0,4607013.0,,82.12:91.25:55.75,45.61:40.86:36.43
F6-camacani_9,P3141282.jpg,NA,3648:2736,,,,,,,,,,,1.0,1.0,881.0,3037.0,4242508.0,,95.36:79.68:52.99,55.03:43.39:38.88
F6-camacani_9,P3141290.jpg,NA,3648:2736,,,,,,,,,,,1.0,1.0,949.0,3093.0,4679970.0,,99.22:96.85:51.24,73.11:66.31:46.45
F6-camacani_9,P3141111.jpg,NA,3648:2736,,,,,,,,,,,1.0,1.0,1159.0,2460.0,4272548.0,,136.4:96.33:46.82,58.2:43.87:31.81
F6-camacani_9,P3141022.jpg,NA,3648:2736,,,,,,,,,,,1.0,1.0,1131.0,3499.0,6009768.0,,75.17:67.83:46.21,39.01:37.68:31.27
F6-camacani_9,P3141289.jpg,NA,3648:2736,,,,,,,,,,,1.0,1.0,1482.0,3077.0,7978829.0,,97.12:102.81:53.85,74.08:68.29:49.47
F6-camacani_9,P3141339.jpg,NA,3648:2736,,,,,,,,,,,1.0,1.0,1016.0,3109.0,5311151.0,,105.64:71.98:51.23,52.68:45.91:33.3
F6-camacani_9,P3141222.jpg,NA,3648:2736,,,,,,,,,,,1.0,1.0,1856.0,2918.0,7226163.0,,108.62:67.54:41.46,54.94:45.44:37.06
F6-camacani_9,P3140976.jpg,NA,3648:2736,,,,,,,,,,,1.0,1.0,1916.0,2836.0,6583310.0,,105.76:79.38:46.17,49.16:43.29:30.29
F6-camacani_9,P3141046.jpg,NA,3648:2736,,,,,,,,,,,1.0,1.0,972.0,3625.0,5366619.0,,89.02:93.2:47.67,44.35:38.92:32.97
F6-camacani_9,P3141078.jpg,NA,3648:2736,,,,,,,,,,,1.0,1.0,1078.0,3295.0,6376871.0,,75.83:63.71:42.35,41.66:38.35:28.19
F6-camacani_9,P3141385.jpg,NA,3648:2736,,,,,,,,,,,1.0,1.0,1145.0,2861.0,4303917.0,,124.73:83.01:66.8,68.51:57.35:47.26
F6-camacani_9,P3141086.jpg,NA,3648:2736,,,,,,,,,,,1.0,1.0,1320.0,3488.0,7859136.0,,133.4:88.09:56.02,55.27:46.4:34.38
F6-camacani_9,P3141114.jpg,NA,3648:2736,,,,,,,,,,,1.0,1.0,1052.0,3371.0,6435200.0,,84.4:87.1:38.91,46.45:41.74:28.41
F6-camacani_9,P3141100.jpg,NA,3648:2736,,,,,,,,,,,1.0,1.0,726.0,3099.0,3422516.0,,83.73:90.59:50.24,43.88:39.93:30.55
F6-camacani_9,P3141265.jpg,NA,3648:2736,,,,,,,,,,,1.0,1.0,831.0,3228.0,4425109.0,,97.8:74.28:53.47,54.89:48.43:39.45
F6-camacani_9,P3141033.jpg,NA,3648:2736,,,,,,,,,,,1.0,1.0,1350.0,3009.0,6265015.0,,88.12:66.88:39.24,47.66:41.54:28.36
F6-camacani_9,P3141225.jpg,NA,3648:2736,,,,,,,,,,,1.0,1.0,1110.0,3146.0,5826063.0,,136.67:78.23:59.29,71.86:58.45:48.43
F6-camacani_9,P3141334.jpg,NA,3648:2736,,,,,,,,,,,1.0,1.0,778.0,2620.0,2805400.0,,88.66:65.51:47.71,52.72:45.38:35.08
F6-camacani_9,P3141241.jpg,NA,3648:2736,,,,,,,,,,,1.0,1.0,1127.0,3262.0,6597972.0,,98.39:108.0:47.43,59.45:55.5:38.28
F6-camacani_9,P3141223.jpg,NA,3648:2736,,,,,,,,,,,1.0,1.0,953.0,3058.0,4716797.0,,95.58:83.83:39.44,56.96:49.12:35.39
F6-camacani_9,P3141403.jpg,NA,3648:2736,,,,,,,,,,,1.0,1.0,1257.0,3572.0,7157039.0,,103.82:84.12:63.76,73.21:61.49:50.25
F6-camacani_9,P3141194.jpg,NA,3648:2736,,,,,,,,,,,1.0,1.0,1015.0,3189.0,5934114.0,,88.34:86.88:30.37,54.85:45.93:28.0
F6-camacani_9,P3141345.jpg,NA,3648:2736,,,,,,,,,,,1.0,1.0,1054.0,3089.0,5012537.0,,94.11:75.59:58.31,58.82:50.78:42.36
F6-camacani_9,P3140967.jpg,NA,3648:2736,,,,,,,,,,,1.0,1.0,852.0,3541.0,4887969.0,,80.56:64.28:42.69,41.12:37.88:32.94
F6-camacani_9,P3141367.jpg,NA,3648:2736,,,,,,,,,,,1.0,1.0,1586.0,3166.0,7055570.0,,104.74:99.64:62.89,66.57:57.69:45.61
F6-camacani_9,P3141347.jpg,NA,3648:2736,,,,,,,,,,,1.0,1.0,1114.0,3317.0,5774175.0,,96.69:83.33:52.8,69.83:62.29:47.62
F6-camacani_9,P3141295.jpg,NA,3648:2736,,,,,,,,,,,1.0,1.0,598.0,2794.0,2359256.0,,102.07:115.96:64.16,59.81:57.74:47.13
F6-camacani_9,P3141360.jpg,NA,3648:2736,,,,,,,,,,,1.0,1.0,905.0,2816.0,4229220.0,,83.5:70.31:56.32,63.1:55.37:45.04
F6-camacani_9,P3140974.jpg,NA,3648:2736,,,,,,,,,,,1.0,1.0,968.0,3456.0,6332343.0,,112.85:77.04:52.83,46.08:44.18:29.4
F6-camacani_9,P3141231.jpg,NA,3648:2736,,,,,,,,,,,1.0,1.0,1112.0,3391.0,6513542.0,,127.18:112.97:70.2,66.47:62.44:47.12
F6-camacani_9,P3141144.jpg,NA,3648:2736,,,,,,,,,,,1.0,1.0,734.0,2816.0,3066767.0,,76.2:72.2:55.9,42.46:40.08:35.25
F6-camacani_9,P3141342.jpg,NA,3648:2736,,,,,,,,,,,1.0,1.0,885.0,3063.0,4654917.0,,103.73:110.26:57.11,53.54:49.42:36.75
F6-camacani_9,P3141365.jpg,NA,3648:2736,,,,,,,,,,,1.0,1.0,1336.0,3520.0,7790633.0,,100.84:92.09:58.77,72.18:65.81:49.02
F6-camacani_9,P3141083.jpg,NA,3648:2736,,,,,,,,,,,1.0,1.0,1073.0,3442.0,6378877.0,,116.36:77.46:51.46,50.98:44.78:31.67
F6-camacani_9,P3141056.jpg,NA,3648:2736,,,,,,,,,,,1.0,1.0,1008.0,2716.0,4715723.0,,100.39:100.0:36.12,42.73:35.42:21.55
F6-camacani_9,P3141016.jpg,NA,3648:2736,,,,,,,,,,,1.0,1.0,1211.0,3396.0,6466942.0,,71.09:70.87:40.24,41.41:37.26:29.37
F6-camacani_9,P3141132.jpg,NA,3648:2736,,,,,,,,,,,1.0,1.0,1019.0,2962.0,4567695.0,,72.93:65.1:51.2,42.72:36.58:31.29
F6-camacani_9,P3141333.jpg,NA,3648:2736,,,,,,,,,,,1.0,1.0,1240.0,3250.0,7230815.0,,110.87:91.92:49.8,64.22:53.43:37.53
F6-camacani_9,P3141018.jpg,NA,3648:2736,,,,,,,,,,,1.0,1.0,1506.0,3241.0,8700867.0,,79.5:69.62:40.31,43.95:40.76:32.18
F6-camacani_9,P3141044.jpg,NA,3648:2736,,,,,,,,,,,1.0,1.0,996.0,2908.0,4271538.0,,58.29:46.62:35.12,26.11:26.12:27.6
F6-camacani_9,P3141198.jpg,NA,3648:2736,,,,,,,,,,,1.0,1.0,785.0,3116.0,3667263.0,,100.05:83.46:58.51,40.11:35.31:31.7
F6-camacani_9,P3141096.jpg,NA,3648:2736,,,,,,,,,,,2.0,1.0,1055.0,3300.0,5801976.0,,107.34:108.13:48.22,50.35:43.78:29.75
F6-camacani_9,P3141096.jpg,NA,3648:2736,,,,,,,,,,,2.0,2.0,468.0,1478.0,1135824.0,,94.76:99.88:45.57,37.73:34.22:23.42
F6-camacani_9,P3141058.jpg,NA,3648:2736,,,,,,,,,,,1.0,1.0,927.0,3411.0,5061762.0,,83.01:68.04:43.69,41.88:39.48:30.4
F6-camacani_9,P3141163.jpg,NA,3648:2736,,,,,,,,,,,1.0,1.0,1128.0,2840.0,5293506.0,,131.56:72.77:34.23,52.2:45.05:27.35
F6-camacani_9,P3141024.jpg,NA,3648:2736,,,,,,,,,,,1.0,1.0,1720.0,3255.0,8108928.0,,79.99:67.36:50.41,34.81:30.77:29.72
F6-camacani_9,P3141107.jpg,NA,3648:2736,,,,,,,,,,,1.0,1.0,949.0,2894.0,5232967.0,,106.59:63.02:43.77,57.5:45.24:33.24
F6-camacani_9,P3141098.jpg,NA,3648:2736,,,,,,,,,,,1.0,1.0,1051.0,3250.0,6650577.0,,107.48:68.83:44.57,48.12:42.74:28.5
F6-camacani_9,P3141245.jpg,NA,3648:2736,,,,,,,,,,,1.0,1.0,1089.0,3236.0,4262383.0,,113.13:75.78:44.22,56.11:45.92:40.69
F6-camacani_9,P3141294.jpg,NA,3648:2736,,,,,,,,,,,1.0,1.0,941.0,3277.0,4620727.0,,129.99:83.47:63.62,77.2:65.36:54.78
F6-camacani_9,P3141038.jpg,NA,3648:2736,,,,,,,,,,,1.0,1.0,1423.0,3343.0,7581123.0,,90.89:69.28:47.46,46.58:37.5:30.13
F6-camacani_9,P3141313.jpg,NA,3648:2736,,,,,,,,,,,1.0,1.0,799.0,2498.0,3068964.0,,99.75:99.75:45.04,46.3:40.41:30.96
F6-camacani_9,P3141060.jpg,NA,3648:2736,,,,,,,,,,,1.0,1.0,1217.0,3084.0,6130940.0,,112.41:101.92:44.15,49.69:39.95:25.63
F6-camacani_9,P3141352.jpg,NA,3648:2736,,,,,,,,,,,1.0,1.0,1211.0,3330.0,6510313.0,,146.96:80.02:56.5,59.33:53.21:48.96
F6-camacani_9,P3141032.jpg,NA,3648:2736,,,,,,,,,,,2.0,1.0,1852.0,3296.0,7493530.0,,97.81:75.99:47.4,41.99:41.09:35.57
F6-camacani_9,P3141032.jpg,NA,3648:2736,,,,,,,,,,,2.0,2.0,794.0,2226.0,2476909.0,,103.36:77.64:48.57,42.53:41.8:32.44
F6-camacani_9,P3141004.jpg,NA,3648:2736,,,,,,,,,,,1.0,1.0,1552.0,3359.0,9333155.0,,113.02:93.02:54.27,50.57:41.99:31.8
F6-camacani_9,P3141176.jpg,NA,3648:2736,,,,,,,,,,,1.0,1.0,1139.0,3422.0,7151860.0,,121.39:79.15:51.64,50.46:44.4:30.21
F6-camacani_9,P3141128.jpg,NA,3648:2736,,,,,,,,,,,1.0,1.0,695.0,1663.0,1757835.0,,65.98:46.13:51.35,37.92:36.56:33.4
F6-camacani_9,P3141137.jpg,NA,3648:2736,,,,,,,,,,,1.0,1.0,816.0,3073.0,4565292.0,,90.74:78.01:61.74,50.35:46.12:38.43
F6-camacani_9,P3141159.jpg,NA,3648:2736,,,,,,,,,,,1.0,1.0,1115.0,3292.0,6296070.0,,76.48:76.62:49.21,43.54:38.9:37.8
F6-camacani_9,P3141299.jpg,NA,3648:2736,,,,,,,,,,,1.0,1.0,787.0,3226.0,4006160.0,,104.62:79.37:49.15,69.37:56.47:41.62
F6-camacani_9,P3141215.jpg,NA,3648:2736,,,,,,,,,,,1.0,1.0,1275.0,2972.0,6936135.0,,101.69:88.1:52.26,64.13:51.62:42.22
F6-camacani_9,P3141287.jpg,NA,3648:2736,,,,,,,,,,,1.0,1.0,832.0,3443.0,5132355.0,,158.65:101.75:52.82,62.53:61.33:47.33
F6-camacani_9,P3141164.jpg,NA,3648:2736,,,,,,,,,,,2.0,1.0,1356.0,3072.0,6854119.0,,89.34:64.18:32.65,51.79:43.4:29.31
F6-camacani_9,P3141164.jpg,NA,3648:2736,,,,,,,,,,,2.0,2.0,355.0,1839.0,1359273.0,,88.01:58.04:27.91,49.49:42.06:23.11
F6-camacani_9,P3141234.jpg,NA,3648:2736,,,,,,,,,,,1.0,1.0,761.0,3489.0,4095643.0,,141.84:68.56:45.65,58.55:54.43:39.48
F6-camacani_9,P3141157.jpg,NA,3648:2736,,,,,,,,,,,1.0,1.0,858.0,3236.0,4649296.0,,91.92:93.19:54.98,40.81:34.73:32.05
F6-camacani_9,P3141269.jpg,NA,3648:2736,,,,,,,,,,,1.0,1.0,877.0,2144.0,3157164.0,,123.95:85.91:62.95,62.95:55.87:42.55
F6-camacani_9,P3141229.jpg,NA,3648:2736,,,,,,,,,,,2.0,1.0,650.0,1730.0,1942756.0,,130.91:93.66:54.5,69.85:62.73:45.64
F6-camacani_9,P3141229.jpg,NA,3648:2736,,,,,,,,,,,2.0,2.0,965.0,2711.0,3894969.0,,113.82:80.43:48.39,73.99:62.76:49.33
F6-camacani_9,P3141250.jpg,NA,3648:2736,,,,,,,,,,,1.0,1.0,829.0,2056.0,3104728.0,,71.08:57.35:32.66,52.41:43.05:30.44
F6-camacani_9,P3141207.jpg,NA,3648:2736,,,,,,,,,,,1.0,1.0,1057.0,3433.0,6697932.0,,111.98:112.16:55.48,63.55:56.67:39.81
F6-camacani_9,P3141261.jpg,NA,3648:2736,,,,,,,,,,,1.0,1.0,918.0,3297.0,4979525.0,,90.36:73.84:53.0,56.37:51.47:39.7
F6-camacani_9,P3141314.jpg,NA,3648:2736,,,,,,,,,,,1.0,1.0,1343.0,3177.0,6298975.0,,118.59:93.12:50.45,61.41:51.25:37.1
F6-camacani_9,P3141127.jpg,NA,3648:2736,,,,,,,,,,,1.0,1.0,927.0,3178.0,4833262.0,,75.03:86.84:50.25,43.2:41.36:37.41
F6-camacani_9,P3141010.jpg,NA,3648:2736,,,,,,,,,,,1.0,1.0,1554.0,2444.0,7111205.0,,81.54:67.58:41.52,42.55:36.86:29.39
F6-camacani_9,P3141076.jpg,NA,3648:2736,,,,,,,,,,,1.0,1.0,1223.0,3100.0,5354272.0,,92.19:73.86:48.68,43.22:37.35:32.36
F6-camacani_9,P3141351.jpg,NA,3648:2736,,,,,,,,,,,1.0,1.0,715.0,2680.0,3212222.0,,71.87:85.87:40.6,61.76:61.44:42.04
F6-camacani_9,P3141172.jpg,NA,3648:2736,,,,,,,,,,,1.0,1.0,1209.0,3449.0,6079560.0,,121.86:73.04:43.94,55.3:40.98:32.65
F6-camacani_9,P3141323.jpg,NA,3648:2736,,,,,,,,,,,1.0,1.0,1336.0,2850.0,5763002.0,,102.12:103.0:51.04,52.74:43.07:27.55
F6-camacani_9,P3140986.jpg,NA,3648:2736,,,,,,,,,,,1.0,1.0,804.0,3136.0,4277700.0,,83.38:88.18:39.97,39.25:35.44:24.36
F6-camacani_9,P3141397.jpg,NA,3648:2736,,,,,,,,,,,1.0,1.0,1011.0,3462.0,5836800.0,,115.31:97.33:65.93,73.39:64.17:48.39
F6-camacani_9,P3141242.jpg,NA,3648:2736,,,,,,,,,,,1.0,1.0,1228.0,3094.0,5945366.0,,173.37:90.43:62.97,60.84:61.09:48.27
F6-camacani_9,P3141059.jpg,NA,3648:2736,,,,,,,,,,,1.0,1.0,734.0,2817.0,3347912.0,,107.66:76.5:40.14,47.96:41.64:25.63
F6-camacani_9,P3141052.jpg,NA,3648:2736,,,,,,,,,,,1.0,1.0,866.0,3306.0,5115055.0,,83.73:70.95:34.56,40.25:35.02:23.73
F6-camacani_9,P3141094.jpg,NA,3648:2736,,,,,,,,,,,1.0,1.0,1261.0,3302.0,6801409.0,,101.0:107.69:46.94,47.72:42.92:31.99
F6-camacani_9,P3141160.jpg,NA,3648:2736,,,,,,,,,,,1.0,1.0,845.0,2832.0,3892390.0,,88.4:59.93:49.69,42.4:40.68:35.14
F6-camacani_9,P3140982.jpg,NA,3648:2736,,,,,,,,,,,1.0,1.0,1232.0,2982.0,5900362.0,,101.12:72.17:42.73,50.12:41.78:31.21
F6-camacani_9,P3140970.jpg,NA,3648:2736,,,,,,,,,,,1.0,1.0,873.0,3488.0,5264458.0,,91.0:70.31:39.42,43.2:36.53:24.4
F6-camacani_9,P3141307.jpg,NA,3648:2736,,,,,,,,,,,1.0,1.0,794.0,2587.0,3128489.0,,54.43:39.11:27.01,32.43:28.02:22.14
F6-camacani_9,P3141226.jpg,NA,3648:2736,,,,,,,,,,,1.0,1.0,993.0,3311.0,5642427.0,,116.93:60.78:57.89,66.41:51.81:47.83
F6-camacani_9,P3141147.jpg,NA,3648:2736,,,,,,,,,,,1.0,1.0,819.0,2864.0,3430292.0,,84.61:98.86:66.7,35.85:34.38:31.14
F6-camacani_9,P3141291.jpg,NA,3648:2736,,,,,,,,,,,1.0,1.0,1878.0,2868.0,8885795.0,,116.86:94.92:57.03,69.14:60.19:47.56
F6-camacani_9,P3141391.jpg,NA,3648:2736,,,,,,,,,,,1.0,1.0,2061.0,2959.0,8041593.0,,116.84:70.14:54.78,66.72:53.11:46.91
F6-camacani_9,P3141155.jpg,NA,3648:2736,,,,,,,,,,,1.0,1.0,1205.0,2898.0,5279077.0,,91.68:70.53:58.26,48.82:43.02:36.63
F6-camacani_9,P3140990.jpg,NA,3648:2736,,,,,,,,,,,1.0,1.0,803.0,3186.0,4394054.0,,69.16:73.36:30.34,38.97:34.9:22.85
F6-camacani_9,P3141189.jpg,NA,3648:2736,,,,,,,,,,,1.0,1.0,1141.0,3404.0,6423368.0,,116.73:110.83:43.49,58.8:49.29:31.86
F6-camacani_9,P3141383.jpg,NA,3648:2736,,,,,,,,,,,1.0,1.0,1207.0,3337.0,6396266.0,,103.61:85.46:58.15,62.54:55.72:40.9
F6-camacani_9,P3141002.jpg,NA,3648:2736,,,,,,,,,,,2.0,1.0,631.0,2230.0,1715268.0,,82.23:71.36:42.71,41.53:40.22:37.42
F6-camacani_9,P3141002.jpg,NA,3648:2736,,,,,,,,,,,2.0,2.0,1093.0,3344.0,4825862.0,,76.57:66.0:38.71,39.96:36.15:29.09
F6-camacani_9,P3141331.jpg,NA,3648:2736,,,,,,,,,,,1.0,1.0,1319.0,3275.0,5602337.0,,116.56:72.17:48.79,55.76:45.82:33.76
F6-camacani_9,P3141191.jpg,NA,3648:2736,,,,,,,,,,,1.0,1.0,1015.0,3314.0,5713502.0,,104.02:80.48:43.71,56.5:46.21:32.82
F6-camacani_9,P3141125.jpg,NA,3648:2736,,,,,,,,,,,1.0,1.0,1284.0,3280.0,7371713.0,,69.32:64.26:54.97,41.91:43.37:39.53
F6-camacani_9,P3141153.jpg,NA,3648:2736,,,,,,,,,,,1.0,1.0,781.0,3474.0,4915699.0,,74.39:81.17:49.55,40.92:36.65:33.49
F6-camacani_9,P3141112.jpg,NA,3648:2736,,,,,,,,,,,1.0,1.0,966.0,1575.0,2613716.0,,114.53:74.85:47.72,53.12:43.0:28.82
F6-camacani_9,P3141297.jpg,NA,3648:2736,,,,,,,,,,,1.0,1.0,918.0,3138.0,4351367.0,,125.55:92.38:58.45,71.86:58.54:45.36
F6-camacani_9,P3141082.jpg,NA,3648:2736,,,,,,,,,,,1.0,1.0,936.0,3646.0,6315251.0,,95.99:98.12:43.18,46.27:39.99:28.5
F6-camacani_9,P3141099.jpg,NA,3648:2736,,,,,,,,,,,1.0,1.0,1080.0,3275.0,5757690.0,,103.71:111.63:52.03,49.44:44.5:33.25
F6-camacani_9,P3141310.jpg,NA,3648:2736,,,,,,,,,,,1.0,1.0,1154.0,3200.0,6315176.0,,112.04:89.68:47.47,55.35:45.7:37.48
F6-camacani_9,P3141103.jpg,NA,3648:2736,,,,,,,,,,,1.0,1.0,1444.0,3244.0,7566780.0,,103.69:87.14:52.21,56.58:50.16:37.27
F6-camacani_9,P3141197.jpg,NA,3648:2736,,,,,,,,,,,1.0,1.0,1170.0,3416.0,6392428.0,,128.96:68.88:48.48,52.57:44.04:30.29
F6-camacani_9,P3141091.jpg,NA,3648:2736,,,,,,,,,,,1.0,1.0,1192.0,2633.0,5374456.0,,112.96:76.7:52.84,50.38:44.55:31.08
F6-camacani_9,P3141012.jpg,NA,3648:2736,,,,,,,,,,,1.0,1.0,1363.0,3355.0,8282603.0,,91.55:72.31:41.15,52.31:44.84:29.79
F6-camacani_9,P3141080.jpg,NA,3648:2736,,,,,,,,,,,1.0,1.0,1663.0,3148.0,8706112.0,,102.08:87.69:48.22,48.31:42.88:31.25
F6-camacani_9,P3141206.jpg,NA,3648:2736,,,,,,,,,,,1.0,1.0,941.0,3227.0,4252623.0,,104.63:67.67:48.52,54.12:40.99:32.7
F6-camacani_9,P3141175.jpg,NA,3648:2736,,,,,,,,,,,1.0,1.0,1597.0,3466.0,9780179.0,,92.86:65.23:41.5,46.91:42.28:32.57
F6-camacani_9,P3141183.jpg,NA,3648:2736,,,,,,,,,,,1.0,1.0,1039.0,2822.0,4452086.0,,114.08:81.11:41.49,49.52:42.94:29.1
F6-camacani_9,P3141129.jpg,NA,3648:2736,,,,,,,,,,,1.0,1.0,846.0,1660.0,2133309.0,,70.12:51.51:54.82,35.96:35.74:33.21
F6-camacani_9,P3141055.jpg,NA,3648:2736,,,,,,,,,,,1.0,1.0,1249.0,3219.0,6754278.0,,96.75:65.52:35.67,44.42:39.29:23.9
F6-camacani_9,P3141181.jpg,NA,3648:2736,,,,,,,,,,,1.0,1.0,2175.0,3323.0,12287190.0,,104.22:106.65:50.9,49.43:43.93:33.94
F6-camacani_9,P3141165.jpg,NA,3648:2736,,,,,,,,,,,1.0,1.0,1385.0,3189.0,6711874.0,,139.58:116.79:56.04,41.63:35.43:30.95
F6-camacani_9,P3141373.jpg,NA,3648:2736,,,,,,,,,,,1.0,1.0,1178.0,3056.0,5354196.0,,124.14:88.18:56.29,76.8:63.91:52.1
F6-camacani_9,P3141205.jpg,NA,3648:2736,,,,,,,,,,,1.0,1.0,1444.0,3378.0,8424592.0,,100.72:105.54:49.39,56.13:49.31:34.14
F6-camacani_9,P3141371.jpg,NA,3648:2736,,,,,,,,,,,1.0,1.0,903.0,3245.0,4774366.0,,83.95:67.6:49.58,62.77:54.3:43.37
F6-camacani_9,P3140988.jpg,NA,3648:2736,,,,,,,,,,,1.0,1.0,968.0,3256.0,4308747.0,,138.52:69.91:36.29,49.36:44.24:29.42
F6-camacani_9,P3141255.jpg,NA,3648:2736,,,,,,,,,,,1.0,1.0,1281.0,3519.0,6542669.0,,121.69:112.69:54.1,64.6:55.98:43.14
F6-camacani_9,P3141124.jpg,NA,3648:2736,,,,,,,,,,,1.0,1.0,1246.0,2882.0,6647466.0,,79.02:86.02:58.8,41.83:40.85:34.05
F6-camacani_9,P3140987.jpg,NA,3648:2736,,,,,,,,,,,1.0,1.0,1120.0,3558.0,7249049.0,,120.64:87.64:44.21,52.33:45.84:31.93
F6-camacani_9,P3141303.jpg,NA,3648:2736,,,,,,,,,,,1.0,1.0,811.0,3116.0,4235253.0,,88.86:61.87:48.2,57.99:49.49:40.07
F6-camacani_9,P3141148.jpg,NA,3648:2736,,,,,,,,,,,1.0,1.0,1139.0,3517.0,6997769.0,,98.01:77.73:66.35,48.26:42.65:38.9
F6-camacani_9,P3141062.jpg,NA,3648:2736,,,,,,,,,,,1.0,1.0,1335.0,3246.0,6527900.0,,84.83:90.84:41.92,48.52:40.31:29.04
F6-camacani_9,P3141036.jpg,NA,3648:2736,,,,,,,,,,,1.0,1.0,1261.0,3486.0,6350977.0,,80.87:61.39:35.71,36.87:34.53:23.82
F6-camacani_9,P3141305.jpg,NA,3648:2736,,,,,,,,,,,1.0,1.0,793.0,2897.0,3221148.0,,93.88:55.39:44.89,64.26:49.63:40.67
F6-camacani_9,P3141040.jpg,NA,3648:2736,,,,,,,,,,,1.0,1.0,1866.0,2905.0,10346187.0,,82.84:60.03:34.55,52.46:42.91:29.26
F6-camacani_9,P3141355.jpg,NA,3648:2736,,,,,,,,,,,1.0,1.0,1043.0,3286.0,5149232.0,,132.78:120.96:55.72,69.94:63.15:49.76
F6-camacani_9,P3141318.jpg,NA,3648:2736,,,,,,,,,,,1.0,1.0,1905.0,3427.0,10599438.0,,109.6:107.95:50.95,53.69:45.16:29.83
F6-camacani_9,P3141131.jpg,NA,3648:2736,,,,,,,,,,,1.0,1.0,855.0,3046.0,3788041.0,,90.32:64.47:60.89,43.69:42.89:36.9
F6-camacani_9,P3141330.jpg,NA,3648:2736,,,,,,,,,,,1.0,1.0,877.0,3285.0,4522013.0,,86.5:88.15:35.29,53.98:47.05:30.7
F6-camacani_9,P3141201.jpg,NA,3648:2736,,,,,,,,,,,1.0,1.0,1604.0,3404.0,9950360.0,,100.8:99.42:45.43,62.83:53.87:35.37
F6-camacani_9,P3141221.jpg,NA,3648:2736,,,,,,,,,,,1.0,1.0,1076.0,3374.0,6152604.0,,121.04:64.49:47.58,59.82:46.15:38.62
F6-camacani_9,P3141173.jpg,NA,3648:2736,,,,,,,,,,,1.0,1.0,980.0,3262.0,4695525.0,,108.77:101.42:34.94,46.46:37.61:23.87
F6-camacani_9,P3141218.jpg,NA,3648:2736,,,,,,,,,,,1.0,1.0,979.0,3460.0,6043034.0,,84.18:71.94:44.05,54.24:47.13:41.09
F6-camacani_9,P3141335.jpg,NA,3648:2736,,,,,,,,,,,1.0,1.0,819.0,2886.0,3641615.0,,98.59:106.42:51.86,51.19:48.15:34.73
F6-camacani_9,P3141048.jpg,NA,3648:2736,,,,,,,,,,,1.0,1.0,1077.0,3213.0,5451628.0,,69.02:61.56:45.97,35.74:34.99:33.2
F6-camacani_9,P3141014.jpg,NA,3648:2736,,,,,,,,,,,1.0,1.0,1258.0,3046.0,6351126.0,,74.84:62.46:35.95,40.79:35.25:27.51
F6-camacani_9,P3141116.jpg,NA,3648:2736,,,,,,,,,,,1.0,1.0,1076.0,2714.0,4096355.0,,94.67:95.04:51.76,40.85:36.62:27.08
F6-camacani_9,P3141348.jpg,NA,3648:2736,,,,,,,,,,,1.0,1.0,794.0,2867.0,4057014.0,,151.68:146.29:78.36,76.9:68.12:55.27
F6-camacani_9,P3141110.jpg,NA,3648:2736,,,,,,,,,,,1.0,1.0,915.0,2711.0,4226881.0,,88.26:89.15:50.39,43.19:38.44:30.82
F6-camacani_9,P3141343.jpg,NA,3648:2736,,,,,,,,,,,1.0,1.0,1011.0,3151.0,4708282.0,,95.21:68.24:57.66,59.99:50.51:44.58
F6-camacani_9,P3141123.jpg,NA,3648:2736,,,,,,,,,,,1.0,1.0,1298.0,3254.0,7743243.0,,70.08:57.92:44.05,44.69:41.35:34.13
F6-camacani_9,P3141180.jpg,NA,3648:2736,,,,,,,,,,,1.0,1.0,834.0,2684.0,3577474.0,,82.1:56.84:32.18,43.87:38.59:27.25
F6-camacani_9,P3141213.jpg,NA,3648:2736,,,,,,,,,,,1.0,1.0,1448.0,3435.0,6824769.0,,89.02:81.48:51.12,58.82:52.61:45.42
F6-camacani_9,P3141084.jpg,NA,3648:2736,,,,,,,,,,,1.0,1.0,1148.0,2713.0,4987379.0,,94.62:80.5:52.33,44.12:42.9:29.89
F6-camacani_9,P3141281.jpg,NA,3648:2736,,,,,,,,,,,1.0,1.0,1309.0,1972.0,2853211.0,,177.63:158.64:78.0,62.21:55.69:46.63
F6-camacani_9,P3141070.jpg,NA,3648:2736,,,,,,,,,,,1.0,1.0,1241.0,3492.0,6249719.0,,77.29:57.48:39.26,38.47:32.93:26.61
F6-camacani_9,P3141247.jpg,NA,3648:2736,,,,,,,,,,,1.0,1.0,633.0,2532.0,2444075.0,,115.28:73.01:52.11,61.39:50.78:40.3
F6-camacani_9,P3141092.jpg,NA,3648:2736,,,,,,,,,,,1.0,1.0,1278.0,2425.0,4529447.0,,95.03:100.21:53.72,45.88:41.46:30.76
F6-camacani_9,P3141387.jpg,NA,3648:2736,,,,,,,,,,,1.0,1.0,1247.0,2763.0,5092946.0,,128.34:101.76:67.4,70.74:60.08:47.96
F6-camacani_9,P3141399.jpg,NA,3648:2736,,,,,,,,,,,1.0,1.0,1255.0,3365.0,7840409.0,,119.13:100.84:68.02,74.65:66.1:52.8
F6-camacani_9,P3141233.jpg,NA,3648:2736,,,,,,,,,,,1.0,1.0,919.0,3306.0,5190399.0,,126.02:103.25:49.77,66.27:57.38:44.56
F6-camacani_9,P3141249.jpg,NA,3648:2736,,,,,,,,,,,1.0,1.0,968.0,3172.0,5392138.0,,81.69:77.08:28.23,54.88:47.62:31.65
F6-camacani_9,P3141363.jpg,NA,3648:2736,,,,,,,,,,,1.0,1.0,1020.0,3067.0,4352330.0,,100.52:83.14:53.73,69.33:59.5:44.6
F6-camacani_9,P3141102.jpg,NA,3648:2736,,,,,,,,,,,1.0,1.0,1242.0,3289.0,7369484.0,,100.36:111.07:54.82,49.99:46.39:34.93
F6-camacani_9,P3141230.jpg,NA,3648:2736,,,,,,,,,,,2.0,1.0,909.0,2992.0,4309379.0,,140.17:132.58:51.23,62.26:55.2:44.87
F6-camacani_9,P3141230.jpg,NA,3648:2736,,,,,,,,,,,2.0,2.0,1480.0,2238.0,5204331.0,,127.69:124.97:49.28,65.72:58.73:45.69
F6-camacani_9,P3141151.jpg,NA,3648:2736,,,,,,,,,,,1.0,1.0,853.0,3230.0,4559143.0,,79.78:69.24:59.59,40.65:40.28:34.78
F6-camacani_9,P3140966.jpg,NA,3648:2736,,,,,,,,,,,1.0,1.0,1249.0,3430.0,6375107.0,,91.77:86.22:40.02,42.03:34.79:32.72
F6-camacani_9,P3141209.jpg,NA,3648:2736,,,,,,,,,,,1.0,1.0,907.0,3311.0,5077002.0,,96.66:98.4:44.42,61.54:53.85:37.52
F6-camacani_9,P3140968.jpg,NA,3648:2736,,,,,,,,,,,1.0,1.0,946.0,3528.0,5845362.0,,123.07:79.38:46.79,45.82:37.68:29.65
F6-camacani_9,P3141243.jpg,NA,3648:2736,,,,,,,,,,,1.0,1.0,1471.0,2954.0,7110110.0,,114.06:88.06:50.98,61.36:57.98:42.27
F6-camacani_9,P3141275.jpg,NA,3648:2736,,,,,,,,,,,1.0,1.0,985.0,3389.0,5328858.0,,124.21:84.98:62.92,69.89:61.56:49.34
F6-camacani_9,P3141187.jpg,NA,3648:2736,,,,,,,,,,,1.0,1.0,961.0,3544.0,5701397.0,,139.57:83.59:52.17,50.82:44.38:37.16
F6-camacani_9,P3141168.jpg,NA,3648:2736,,,,,,,,,,,1.0,1.0,1140.0,3648.0,7424068.0,,113.09:67.01:37.93,50.13:41.0:32.25
F6-camacani_9,P3141369.jpg,NA,3648:2736,,,,,,,,,,,1.0,1.0,807.0,3151.0,3913377.0,,93.65:75.86:57.95,60.91:53.67:45.14
F6-camacani_9,P3141108.jpg,NA,3648:2736,,,,,,,,,,,1.0,1.0,1035.0,2894.0,4518592.0,,96.3:102.17:43.79,46.09:41.43:31.7
F6-camacani_9,P3141377.jpg,NA,3648:2736,,,,,,,,,,,1.0,1.0,877.0,2874.0,3957583.0,,108.6:75.11:58.4,71.34:58.97:46.08
F6-camacani_9,P3141193.jpg,NA,3648:2736,,,,,,,,,,,1.0,1.0,1074.0,3570.0,6309409.0,,102.37:100.97:39.95,54.96:46.47:28.93
F6-camacani_9,P3141239.jpg,NA,3648:2736,,,,,,,,,,,1.0,1.0,1420.0,3360.0,7538194.0,,141.72:71.47:43.04,65.82:53.81:41.26
F6-camacani_9,P3141267.jpg,NA,3648:2736,,,,,,,,,,,1.0,1.0,1332.0,3158.0,7687674.0,,118.38:77.67:56.36,68.8:58.79:46.23
F6-camacani_9,P3141341.jpg,NA,3648:2736,,,,,,,,,,,1.0,1.0,1310.0,2847.0,6547345.0,,90.96:93.46:48.25,60.08:55.36:40.08
F6-camacani_9,P3141319.jpg,NA,3648:2736,,,,,,,,,,,1.0,1.0,747.0,2777.0,2944835.0,,100.39:98.16:41.77,40.27:33.5:23.55
F6-camacani_9,P3141315.jpg,NA,3648:2736,,,,,,,,,,,1.0,1.0,1010.0,3373.0,5814955.0,,138.73:61.02:44.44,49.98:40.05:31.64
F6-camacani_9,P3141306.jpg,NA,3648:2736,,,,,,,,,,,1.0,1.0,915.0,3298.0,4816412.0,,58.02:67.01:36.63,43.59:42.97:32.66
F6-camacani_9,P3141139.jpg,NA,3648:2736,,,,,,,,,,,1.0,1.0,1237.0,3122.0,6522129.0,,97.68:75.4:67.92,53.64:47.01:41.05
F6-camacani_9,P3141141.jpg,NA,3648:2736,,,,,,,,,,,1.0,1.0,848.0,3016.0,4296881.0,,68.74:82.72:58.13,38.39:37.57:35.56
F6-camacani_9,P3141106.jpg,NA,3648:2736,,,,,,,,,,,1.0,1.0,867.0,2832.0,4262326.0,,130.78:131.5:59.38,49.31:41.74:32.25
F6-camacani_9,P3141219.jpg,NA,3648:2736,,,,,,,,,,,1.0,1.0,1816.0,3319.0,8538514.0,,102.4:106.29:55.43,65.37:58.81:43.07
F6-camacani_9,P3141136.jpg,NA,3648:2736,,,,,,,,,,,1.0,1.0,968.0,3188.0,4871852.0,,60.18:53.03:47.09,38.69:37.48:33.35
F6-camacani_9,P3141068.jpg,NA,3648:2736,,,,,,,,,,,1.0,1.0,1145.0,2946.0,5038596.0,,91.12:70.88:37.54,38.27:35.01:26.78
F6-camacani_9,P3141118.jpg,NA,3648:2736,,,,,,,,,,,1.0,1.0,1054.0,3423.0,7034039.0,,93.57:102.05:55.48,45.72:42.31:31.37
F6-camacani_9,P3141349.jpg,NA,3648:2736,,,,,,,,,,,1.0,1.0,1388.0,3448.0,7771906.0,,100.74:76.46:48.65,64.18:54.11:39.24
F6-camacani_9,P3141337.jpg,NA,3648:2736,,,,,,,,,,,1.0,1.0,950.0,3353.0,5338746.0,,111.85:116.5:59.79,66.17:60.53:44.97
F6-camacani_9,P3141258.jpg,NA,3648:2736,,,,,,,,,,,1.0,1.0,1126.0,3151.0,5276147.0,,117.13:116.02:47.33,58.08:50.82:35.6
F6-camacani_9,P3140979.jpg,NA,3648:2736,,,,,,,,,,,1.0,1.0,1008.0,3225.0,5893548.0,,87.04:86.72:38.55,38.54:33.21:24.61
F6-camacani_9,P3141338.jpg,NA,3648:2736,,,,,,,,,,,1.0,1.0,1208.0,2931.0,5840504.0,,97.24:101.71:53.8,68.38:62.32:47.16
F6-camacani_9,P3141210.jpg,NA,3648:2736,,,,,,,,,,,1.0,1.0,1116.0,3441.0,6984071.0,,77.85:59.7:42.1,56.3:44.59:37.75
F6-camacani_9,P3141047.jpg,NA,3648:2736,,,,,,,,,,,1.0,1.0,1618.0,2955.0,7471601.0,,110.64:88.5:43.95,57.0:45.19:30.42
F6-camacani_9,P3141311.jpg,NA,3648:2736,,,,,,,,,,,1.0,1.0,1594.0,2525.0,5957503.0,,130.81:85.98:57.1,64.18:54.31:43.45
F6-camacani_9,P3141120.jpg,NA,3648:2736,,,,,,,,,,,1.0,1.0,1221.0,3542.0,6717210.0,,90.48:90.92:49.43,49.61:43.95:34.2
F6-camacani_9,P3141140.jpg,NA,3648:2736,,,,,,,,,,,2.0,1.0,1218.0,3261.0,4950214.0,,86.03:70.83:60.84,51.74:45.27:40.97
F6-camacani_9,P3141140.jpg,NA,3648:2736,,,,,,,,,,,2.0,2.0,563.0,1502.0,1375123.0,,106.31:80.33:76.66,54.58:51.9:46.74
F6-camacani_9,P3141119.jpg,NA,3648:2736,,,,,,,,,,,1.0,1.0,998.0,3462.0,6293567.0,,106.45:85.53:47.23,49.57:41.0:28.03
F6-camacani_9,P3141285.jpg,NA,3648:2736,,,,,,,,,,,1.0,1.0,700.0,2652.0,3172570.0,,105.99:95.42:52.79,59.9:50.11:39.4
F6-camacani_9,P3141271.jpg,NA,3648:2736,,,,,,,,,,,1.0,1.0,1062.0,3097.0,5247840.0,,124.63:91.42:61.36,70.58:63.84:48.37
F6-camacani_9,P3141043.jpg,NA,3648:2736,,,,,,,,,,,1.0,1.0,1467.0,3401.0,7690314.0,,79.79:65.4:41.31,43.69:36.97:27.19
F6-camacani_9,P3141246.jpg,NA,3648:2736,,,,,,,,,,,1.0,1.0,1356.0,3136.0,5434026.0,,124.66:110.49:42.01,57.47:49.18:36.61
F6-camacani_9,P3140978.jpg,NA,3648:2736,,,,,,,,,,,1.0,1.0,943.0,3472.0,5263720.0,,85.35:68.96:34.27,37.7:34.31:22.35
F6-camacani_9,P3141072.jpg,NA,3648:2736,,,,,,,,,,,1.0,1.0,1057.0,3228.0,5380591.0,,79.97:69.22:45.21,34.97:29.37:26.35
F6-camacani_9,P3141401.jpg,NA,3648:2736,,,,,,,,,,,1.0,1.0,1249.0,3412.0,6170168.0,,100.7:90.24:59.28,72.28:62.85:49.36
F6-camacani_9,P3140980.jpg,NA,3648:2736,,,,,,,,,,,1.0,1.0,1222.0,3515.0,7660871.0,,102.12:97.9:43.55,45.02:37.47:26.63
F6-camacani_9,P3141090.jpg,NA,3648:2736,,,,,,,,,,,1.0,1.0,1032.0,3136.0,5584082.0,,100.99:106.67:43.48,52.1:45.88:28.73
F6-camacani_9,P3141143.jpg,NA,3648:2736,,,,,,,,,,,1.0,1.0,1013.0,3149.0,4637236.0,,91.62:73.89:64.43,52.4:49.44:41.65
F6-camacani_9,P3141238.jpg,NA,3648:2736,,,,,,,,,,,1.0,1.0,1307.0,3005.0,6288505.0,,114.01:96.38:58.91,65.71:58.63:48.28
F6-camacani_9,P3141286.jpg,NA,3648:2736,,,,,,,,,,,1.0,1.0,916.0,3464.0,5388145.0,,160.52:125.24:62.43,66.42:64.49:51.68
F6-camacani_9,P3141361.jpg,NA,3648:2736,,,,,,,,,,,1.0,1.0,2110.0,2721.0,9311514.0,,98.07:73.32:53.38,74.34:63.32:54.46
F6-camacani_9,P3141253.jpg,NA,3648:2736,,,,,,,,,,,1.0,1.0,1241.0,3648.0,7830128.0,,81.76:59.59:30.06,61.57:48.03:33.43
F6-camacani_9,P3141293.jpg,NA,3648:2736,,,,,,,,,,,1.0,1.0,822.0,3294.0,4337377.0,,104.9:83.51:57.87,72.68:62.47:49.42
F6-camacani_9,P3140996.jpg,NA,3648:2736,,,,,,,,,,,1.0,1.0,1297.0,3330.0,7731477.0,,105.51:107.33:38.1,50.98:43.2:31.19
F6-camacani_9,P3141171.jpg,NA,3648:2736,,,,,,,,,,,1.0,1.0,1403.0,3149.0,8922211.0,,88.64:67.77:35.0,49.0:43.85:29.37
F6-camacani_9,P3141088.jpg,NA,3648:2736,,,,,,,,,,,1.0,1.0,778.0,3103.0,3956348.0,,127.92:90.31:50.72,44.27:40.71:25.96
F6-camacani_9,P3141071.jpg,NA,3648:2736,,,,,,,,,,,1.0,1.0,928.0,3364.0,5129355.0,,105.93:99.71:47.15,51.41:42.42:29.07
F6-camacani_9,P3141006.jpg,NA,3648:2736,,,,,,,,,,,1.0,1.0,1469.0,3180.0,6965164.0,,105.66:78.35:43.93,48.19:42.55:29.12
F6-camacani_9,P3141389.jpg,NA,3648:2736,,,,,,,,,,,1.0,1.0,1292.0,2726.0,6031633.0,,119.6:90.94:59.01,75.05:65.99:51.23
F6-camacani_9,P3141133.jpg,NA,3648:2736,,,,,,,,,,,1.0,1.0,833.0,2270.0,3232411.0,,63.17:71.37:48.88,35.75:34.52:28.98
F6-camacani_9,P3141063.jpg,NA,3648:2736,,,,,,,,,,,1.0,1.0,1048.0,3284.0,5589944.0,,84.74:63.67:44.73,38.59:33.51:24.61
F6-camacani_9,P3140991.jpg,NA,3648:2736,,,,,,,,,,,1.0,1.0,999.0,3648.0,6849698.0,,96.03:72.0:39.9,48.75:39.15:28.39
F6-camacani_9,P3140998.jpg,NA,3648:2736,,,,,,,,,,,1.0,1.0,855.0,2837.0,3300745.0,,80.99:56.08:38.43,38.16:34.3:25.34
F6-camacani_9,P3141115.jpg,NA,3648:2736,,,,,,,,,,,1.0,1.0,919.0,2974.0,4338677.0,,100.58:78.78:48.95,44.5:39.75:27.18
F6-camacani_9,P3140995.jpg,NA,3648:2736,,,,,,,,,,,1.0,1.0,993.0,3457.0,6238926.0,,116.21:69.43:41.59,47.51:41.49:27.08
F6-camacani_9,P3141393.jpg,NA,3648:2736,,,,,,,,,,,1.0,1.0,1430.0,3102.0,6608878.0,,71.95:65.88:40.98,67.72:58.43:43.89
F6-camacani_9,P3141237.jpg,NA,3648:2736,,,,,,,,,,,1.0,1.0,1350.0,3003.0,6873577.0,,117.35:122.64:50.21,69.02:61.28:44.98
F6-camacani_9,P3141067.jpg,NA,3648:2736,,,,,,,,,,,1.0,1.0,866.0,3025.0,4321901.0,,85.14:94.27:56.08,39.17:36.28:28.24
